Question,Answer
1. What is the main objective of the 4th SDG Youth Summer Camp?,"The main objective of the 4th SDG Youth Summer Camp is to enable participants to get to know the 17 Sustainable Development Goals (SDGs), explore what areas each goal covers under its targets, identify targets of most interest to participants, and identify synergies between the SDGs and chosen target(s)."
"2. What is the target to reduce at least by half the proportion of men, women and children living in poverty?","The target to reduce at least by half the proportion of men, women and children living in poverty is Target 1.2 of the Sustainable Development Goal 1: End poverty in all its forms everywhere."
"3. What is the goal of ensuring that all men and women, in particular the poor and the vulnerable, have equal rights to economic resources?","The goal of ensuring that all men and women, in particular the poor and the vulnerable, have equal rights to economic resources is Target 1.4 of the Sustainable Development Goals (SDGs). 

Target 1.4 aims to ensure that all men and women, particularly the poor and vulnerable, have equal rights to economic resources, including access to basic services, ownership and control over land and other forms of property, inheritance, natural resources, appropriate new technology, and financial services, including microfinance."
"1. What is the current measurement of extreme poverty, as per Target 1.1?","According to Target 1.1, the current measurement of extreme poverty is people living on less than $1.25 a day."
2. What are the two main objectives of Target 1.5?,"The two main objectives of Target 1.5 are:

1. Build the resilience of the poor and those in vulnerable situations.
2. Reduce their exposure and vulnerability to climate-related extreme events and other economic, social and environmental shocks and disasters."
"Answer: To build the resilience of the poor and those in vulnerable situations, and to reduce their exposure and vulnerability to climate-related extreme events and other economic, social and environmental shocks and disasters.","According to the provided context, the correct answer is:

Target 1.5 By 2030, build the resilience of the poor and those in vulnerable situations and reduce their exposure and vulnerability to climate-related extreme events and other economic, social and environmental shocks and disasters."
1. Describe the main objectives of the 4th SDG Youth Summer Camp. How do these objectives relate to the 17 SDGs?,"The main objectives of the 4th SDG Youth Summer Camp are:

1. To enable participants to get to know the 17 SDGs.
2. To explore what areas each goal covers under its targets.
3. To identify targets of most interest to participants.
4. To identify synergies between the SDGs and chosen target(s).

These objectives relate to the 17 SDGs in that they aim to educate and engage young people in the Sustainable Development Goals, which are a set of 17 global goals adopted by the United Nations in 2015 to address various pressing issues such as poverty, inequality, climate change, and more. The objectives are designed to help participants understand the scope and interconnectedness of the SDGs, and to encourage them to take an active role in achieving these goals."
"Answer: The main objectives of the 4th SDG Youth Summer Camp are to enable participants to get to know the 17 SDGs, explore what areas each goal covers under its targets, identify targets of most interest to participants, and identify synergies between the SDGs and chosen target(s). These objectives are closely related to the 17 SDGs, as they aim to provide a comprehensive understanding of the goals and their targets, and to encourage participants to explore the connections between the goals.","The main objectives of the 4th SDG Youth Summer Camp are to enable participants to get to know the 17 SDGs, explore what areas each goal covers under its targets, identify targets of most interest to participants, and identify synergies between the SDGs and chosen target(s)."
2. What are the key strategies outlined in Target 1.5 to build the resilience of the poor and those in vulnerable situations? How can these strategies be implemented in a coding or programming context?,I don't know the key strategies outlined in Target 1.5 to build the resilience of the poor and those in vulnerable situations.
"Answer: The key strategies outlined in Target 1.5 are to build the resilience of the poor and those in vulnerable situations, and to reduce their exposure and vulnerability to climate-related extreme events and other economic, social and environmental shocks and disasters. In a coding or programming context, these strategies could be implemented by developing software or systems that provide early warning systems for natural disasters, or by creating data-driven tools that help policymakers and practitioners identify areas of high vulnerability and develop targeted interventions.","The key strategies outlined in Target 1.5 are to build the resilience of the poor and those in vulnerable situations, and to reduce their exposure and vulnerability to climate-related extreme events and other economic, social and environmental shocks and disasters."
